TunnelName,WikiLink,TunnelType,Length[m],OpeningDate,Latitude,Longitude
Ampthill Tunnel,/wiki/Ampthill_Tunnel,Railway,654.0,1859,52.03361111111111,-0.5133333333333333
Linslade Tunnel,/wiki/Linslade_Tunnel,Railway,249.0,"1837, 1859, 1876",51.92527777777777,-0.6763888888888888
Old Warden Tunnel,/wiki/Old_Warden_Tunnel,Railway,807.0,1853,52.08833333333334,-0.3758333333333333
Wymington Tunnel,No link,Railway,1690.0,1859,,
Clifton Down Tunnel,/wiki/Clifton_Down_Tunnel,Railway,1601.0,1874,51.46944444444445,-2.618888888888889
Brill Tunnel,No link,Railway,175.0,1910,,
Saunderton Tunnel,No link,Railway,76.0,1901,,
Whitehouse Tunnel,No link,Railway,322.0,1905,,
Wansford Tunnel,/wiki/Wansford_Tunnel,Railway,563.0,1847,52.56545,-0.3999972222222222
Disley Tunnel,/wiki/Disley_Tunnel,Railway,3535.0,1901,53.37166666666667,-2.0858333333333334
Preston Brook Tunnel,No link,Canal,1133.0,1775,,
Prestbury Tunnel,/wiki/Manchester_and_Birmingham_Railway#Prestbury_Tunnel,Railway,250.0,1845,53.29555555555555,-2.1444444444444444
Sutton Tunnel,/wiki/Birkenhead_Railway#Sutton_Tunnel,Railway,1724.0,1848,,
Saltash Tunnel,/wiki/Saltash_Tunnel,Road,410.0,1988,50.41166666666666,-4.215
Brownqueen Tunnel,/wiki/Brownqueen_Tunnel,Railway,80.0,1859,50.434999999999995,-4.680833333333334
Toldish Tunnel,/wiki/Toldish_Tunnel,Railway (for horse-drawn trams),460.0,1849,50.403888888888886,-4.9222222222222225
Trelill Tunnel,/wiki/Trelill_Tunnel,Railway,304.0,1895,50.57,-4.7625
Shillingham Tunnel,No link,Railway,412.0,1908,,
Treverrin Tunnel,No link,Railway,516.0,1859,,
Polperrow Tunnel,No link,Railway,348.0,1859,,
Buckshead Tunnel,No link,Railway,290.0,1859,,
Sparnick Tunnel,No link,Railway,449.0,1863,,
Pinnock Tunnel,No link,"Railway, now converted to private road",1073.0,1874,,
Whitehaven Tunnel,No link,Railway,1219.0,1852,,
Alfreton Tunnel,No link,Railway,770.0,1862,,
Ashbourne Tunnel,No link,Railway(now a cycleway),350.0,1899,,
Ashwood Dale Tunnel,No link,Railway,91.0,1863,,
Barmoor Clough Tunnel,No link,Railway,101.0,1863,,
Bolsover Tunnel,/wiki/Bolsover_Tunnel,Railway,2399.0,1897,53.21658333333334,-1.2726555555555554
Bradway Tunnel,/wiki/Bradway_Tunnel,Railway,1853.0,1870,53.315555555555555,-1.4941666666666666
Breadsall Tunnel (also Morley),No link,Railway,218.0,1878,,
Burbage Tunnel,No link,Railway,530.0,1830,,
Butterley Tunnel,/wiki/Butterley_Tunnel,Canal (disused),2712.0,1794,,
Chee Tor Tunnel (1),/wiki/Millers_Dale,Railway,390.0,1863,53.25388888888889,-1.7616666666666667
Chee Tor Tunnel (2),/wiki/Millers_Dale,Railway,86.0,1863,53.25388888888889,-1.7616666666666667
Clay Cross Tunnel,/wiki/Clay_Cross_Tunnel,Railway,1631.0,1839,53.16361111111111,-1.4152777777777776
Cowburn Tunnel,/wiki/Cowburn_Tunnel,Railway,3385.0,1892,53.35194444444445,-1.8666666666666667
Cressbrook Tunnel,/wiki/Cressbrook_Tunnel,Railway,431.0,1863,53.24472222222222,-1.7316666666666667
Dove Holes Tunnel,/wiki/Dove_Holes_Tunnel,Railway (freight),2729.0,1865,53.30777777777777,-1.896388888888889
Duckmanton Tunnel,/wiki/Duckmanton_Tunnel,Railway,458.0,1897,53.228944444444444,-1.3670277777777777
Duffield Tunnel,No link,Railway,48.0,1867,,
Eaves Tunnel,No link,Railway,394.0,1863,,
Great Rocks Tunnel,No link,Railway,147.0,1863,,
Gregory Tunnel,No link,Canal,69.0,1794,,
Haddon Tunnel,/wiki/Haddon_Tunnel,Railway,967.0,1863,53.19472222222222,-1.6491666666666667
Hag Tunnel,No link,Canal (disused),85.0,1794,,
Headstone Tunnel,/wiki/Headstone_Tunnel,Railway,487.0,1863,53.24472222222222,-1.7316666666666667
High Tor Tunnel 1,No link,Railway,294.0,1849,,
High Tor Tunnel 1A,No link,Railway,53.0,1849,,
High Tor Tunnel 2,No link,Railway,346.0,1849,,
Holt Lane Tunnel,No link,Railway,115.0,1849,,
Hopton Tunnel,No link,Railway,103.0,1830,,
Hindlow Tunnel,No link,Railway(now a cycleway),470.0,1832,,
Hollingwood Common Tunnel,/wiki/Chesterfield_Canal#Hollingwood_Common_Tunnel,Canal (disused),2820.0,1777,53.239919444444446,-1.4210055555555556
Lea Wood Tunnel,No link,Railway,288.0,1849,,
Litton Tunnel,No link,Railway,472.0,1863,,
Mickleover Tunnel,No link,Railway,424.0,1878,,
Milford Tunnel,/wiki/Milford_Tunnel,Railway,782.0,1839,53.00111111111111,-1.4875
Morley Tunnel,No link,Railway,218.0,1878,,
Newhaven Tunnel,No link,Railway,47.0,1830,,
New Mills Tunnel,No link,Railway,112.0,1867,,
Newtown Tunnel,No link,Railway,82.0,1902,,
Norwood Tunnel,/wiki/Norwood_Tunnel,Canal,2637.0,1775,53.335,-1.2697222222222222
Norwood End Tunnel No. 10,No link,Railway,270.0,1878,,
Peak Forest Tunnel,No link,Railway,27.0,1863,,
Pic Tor Tunnel,No link,Railway,175.0,1863,,
Redhill Tunnel 1,No link,Railway,141.0,1839,,
Redhill Tunnel 2,No link,Railway,160.0,1839,,
Rowthorn Tunnel,/wiki/Rowthorn_Tunnel,Railway,849.0,1890,53.185341666666666,-1.2932638888888888
Rusher Cutting Tunnel,No link,Railway,111.0,1863,,
Shirland Tunnel,No link,Railway,173.0,Unknown,,
Spinkhill Tunnel,/wiki/Spinkhill_Tunnel,Railway,458.0,1897,53.30658333333333,-1.3148833333333334
Stodhart Tunnel,No link,Tramway,92.0,1796,,
Toadmoor Tunnel,/wiki/Toadmoor_Tunnel,Railway,118.0,1839,53.06055555555555,-1.4808333333333334
Totley Tunnel,/wiki/Totley_Tunnel,Railway,5700.0,1892,53.31111111111111,-1.5850000000000002
Whatstandwell Tunnel,No link,Railway,136.0,1849,,
Whitwell Tunnel,No link,Railway,497.0,Unknown,,
Willersley Tunnel,No link,Railway,699.0,1849,,
Wingfield Tunnel,No link,Railway,239.0,1839,,
Woodhead Tunnel,/wiki/Woodhead_Tunnel,Railway,4840.0,Unknown,53.495555555555555,-1.8297222222222222
Aller Tunnel,No link,Railway,270.0,2014,,
Dainton Tunnel,/wiki/South_Devon_Banks,Railway,266.0,1847,,
Devonport Leat Tunnel,/wiki/Devonport_Leat,Leat,500.0,1790s,50.58027777777778,-3.9619444444444447
Marley Tunnel,No link,Railway,795.0,Unknown,,
Parson's Tunnel,No link,Railway,554.0,Unknown,,
Beaminster Tunnel,/wiki/Beaminster_Tunnel,Road (A3066),105.0,1832,50.82611111111112,-2.7569444444444446
Buckhorn Weston Tunnel,No link,Railway,678.0,Unknown,,
Bincombe Tunnel (North),No link,Railway,749.0,Unknown,,
Bincombe Tunnel (South),No link,Railway,44.0,Unknown,,
Evershot Tunnel,No link,Railway,282.0,Unknown,,
Frampton Tunnel,No link,Railway,595.0,Unknown,,
Middlebere Plateway Tunnels,/wiki/Middlebere_Plateway,Railway,,1807/1825[16],,
Poundbury Tunnel,/wiki/Poundbury_Hill#Nearby_Features#Railway_Line,Railway,244.0,Unknown,50.718611111111116,-2.4519444444444445
Cuilfail Tunnel,/wiki/Lewes,Road,430.0,1980,50.87555555555556,0.017777777777777778
Argos Hill Tunnel,No link,Railway,64.0,1880,,
Bopeep Tunnel,No link,Railway,1205.0,1846,,
Crowborough Tunnel,No link,Railway,935.0,1868,,
Culver Tunnel,No link,Railway,227.0,1882,,
Falmer Tunnel,No link,Railway,450.0,1846,,
Hastings Tunnel,No link,Railway,700.0,1846,,
Heathfield Tunnel,No link,Railway,242.0,1880,,
Kingston Tunnel,No link,Railway,98.0,1846,,
Lewes Tunnel,No link,Railway,362.0,1847,,
Mayfield Tunnel,No link,Railway,83.0,1880,,
Mountfield Tunnel,No link,Railway,481.0,1851,,
Mount Pleasant Tunnel,No link,Railway,131.0,1851,,
Patcham Tunnel,/wiki/Patcham_Tunnel,Railway,446.0,1841,50.864444444444445,-0.15638888888888888
Wadhurst Tunnel,No link,Railway,1102.0,1851,,
Audley End Tunnel,No link,Railway,417.0,1845,,
Dartford Tunnel,/wiki/Dartford_Crossing,Road,1436.0,1963,51.46472222222223,0.2586111111111111
Dartford Cable Tunnel,No link,Electricity cables,,2004,,
Bell Common Tunnel,No link,Road,470.0,1984,,
Littlebury Tunnel,No link,Railway,372.0,1845,,
Maldon West Tunnel,No link,Railway,60.0,1888,,
Stansted Airport Tunnel,No link,Railway,1778.0,1991,,
Tilbury - Gravesend Cable Tunnel,No link,Electricity,1675.0,1970,,
Chipping Sodbury Tunnel,/wiki/Chipping_Sodbury_Tunnel,Railway,4064.0,Unknown,51.531666666666666,-2.3583333333333334
Patchway old tunnel,No link,Railway,1140.0,Unknown,,
Patchway new tunnel,No link,Railway,1609.0,1886,,
Sapperton Canal Tunnel,/wiki/Sapperton_Canal_Tunnel,Canal,1873.0,1789,51.71611111111111,-2.066666666666667
Larger Sapperton railway tunnel,/wiki/Sapperton_railway_tunnel,Railway,1704.0,Unknown,51.72361111111111,-2.1016666666666666
Smaller Sapperton railway tunnel,/wiki/Sapperton_railway_tunnel,Railway,323.0,Unknown,51.72361111111111,-2.1016666666666666
Severn tunnel (1810),/wiki/Severn_tunnel_(1810),tramroad,126.0,Unknown,51.78777777777778,-2.4461111111111116
Severn Tunnel,/wiki/Severn_Tunnel,Railway,7012.0,1886,51.575,-2.688888888888889
Micheldean Tunnel,No link,Railway,715.0,Unknown,,
Clifton Hall Tunnel,/wiki/Clifton_Hall_Tunnel,Railway,1187.0,1850,53.50833333333333,-2.324722222222222
Disley Tunnel,/wiki/Disley_Tunnel,Railway,3535.0,1902,53.37166666666667,-2.0858333333333334
Farnworth Tunnel,/wiki/Farnworth_Tunnel,Railway,270.0,1832,53.55027777777777,-2.388333333333333
Guardian Exchange,/wiki/Guardian_Exchange,Telephone,1300.0,1954,53.47777777777778,-2.241388888888889
Standedge Tunnels,/wiki/Standedge_Tunnels,Canal,5029.0,1811,53.59111111111111,-1.962222222222222
Summit Tunnel,/wiki/Summit_Tunnel,Railway,2638.0,1841,53.68388888888889,-2.0919444444444446
Fareham Tunnel No. 1,No link,Railway,134.0,Unknown,,
Fareham Tunnel No. 2,No link,Railway,506.0,Unknown,,
Greywell Tunnel,/wiki/Greywell_Tunnel,Canal,1125.0,Unknown,51.260555555555555,-0.9788888888888889
Micheldever Tunnel,No link,Railway,181.0,1840[25],,
Midhurst Tunnel,No link,Railway,252.0,Unknown,,
Popham No 1 Tunnel,No link,Railway,242.0,Unknown,,
Popham No 2 Tunnel,No link,Railway,182.0,Unknown,,
Privett Tunnel,No link,Railway,967.0,1903,,
Southampton Civic Centre Tunnel,/wiki/Southampton_Civic_Centre_Tunnel,Railway,483.0,1847,50.90694444444444,-1.4077777777777778
Wallers' Ash Tunnel,No link,Railway,458.0,Unknown,,
Winchester Tunnel (also St Giles or Chesil),No link,Railway,422.0,Unknown,,
Elstree to St John's Wood cable tunnel,No link,Electricity cables,19800.0,2005,,
Hatfield Tunnel,No link,Road,1147.0,1/12/1986,,
Holmesdale Tunnel,No link,Road,600.0,1984,,
Northchurch Tunnels,No link,Railway,319.0,1838,,
Ponsbourne Tunnel,No link,Railway,2454.0,1918,,
Potters Bar Tunnel,No link,Railway,1110.0,1849,,
Welwyn North Tunnel,No link,Railway,956.0,1850,,
Welwyn South Tunnel,No link,Railway,408.0,1850,,
Weston Hills Tunnel,/wiki/Weston_Hills_Tunnel,Road,230.0,2006,51.97777777777778,-0.17666666666666667
Ryde Tunnel,No link,Railway,358.0,Unknown,,
Ventnor Tunnel,No link,Railway,1201.0,1866,,
Channel Tunnel,/wiki/Channel_Tunnel,Railway,50470.0,1994,51.0125,1.5041666666666667
Dartford Tunnel,/wiki/Dartford_Crossing,Road,1436.0,"1963, 1980",51.46472222222223,0.2586111111111111
Medway Tunnel,/wiki/Medway_Tunnel,Road,240.0,1996,51.400277777777774,0.5266666666666667
Royal Harbour Tunnel,No link,Road,800.0,Unknown,,
Roundhill Tunnel,No link,Road,380.0,2001,,
Abbotscliffe Tunnel South Eastern Main Line,No link,Railway,1800.0,1844,,
Badgers Oak Tunnel,No link,Railway,163.0,1893,,
Bourne Park Tunnel,/wiki/Elham_Valley_Railway,Railway,370.0,1887,51.099333333333334,1.117388888888889
Charlton Tunnel,/wiki/Chatham_Main_Line,Railway,138.0,Unknown,,
Chatham Tunnel,/wiki/Chatham_Main_Line,Railway,272.0,Unknown,,
Chelsfield Tunnel[31],/wiki/South_Eastern_Main_Line,Railway,545.0,1868,51.1725,0.5358333333333333
Dover Harbour Tunnel,/wiki/South_Eastern_Main_Line,Railway,625.0,1861,51.1725,0.5358333333333333
Edenbridge Tunnel,No link,Railway,180.0,1888,,
Eynsford Tunnel,No link,Railway,757.0,1862,,
Fort Pitt Tunnel,/wiki/Chatham_Main_Line,Railway,391.0,Unknown,,
Golgotha Tunnel,No link,Railway,436.0,1911,,
Greenhithe Tunnel,/wiki/North_Kent_Line,Railway,228.0,1849,,
Grove Tunnel Cuckoo Line / Wealden Line,/wiki/Cuckoo_Line,Railway,,Unknown,50.83111111111111,0.25305555555555553
Grove Hill Tunnel,No link,Railway,262.0,1851,,
Guston Tunnel,No link,Railway,1287.0,1881,,
Hayne Tunnel,No link,Railway,86.0,1874,,
Higham and Strood tunnel,/wiki/Thames_and_Medway_Canal#Higham_and_Strood_tunnel,Railway,3595.0,1824,51.415,0.4813888888888889
Horsmonden Tunnel,No link,Railway,79.0,1892,,
Little Browns Tunnel,No link,Railway,111.0,1888,,
Lydden Tunnel,No link,Railway,2166.0,1861,,
Mark Beech Tunnel,No link,Railway,1226.0,1888,,
Martello Tunnel,/wiki/South_Eastern_Main_Line,Railway,500.0,1844,51.1725,0.5358333333333333
North Downs Tunnel High Speed 1,/wiki/North_Downs_Tunnel,Railway,3200.0,Unknown,51.32888888888889,0.5058333333333334
Polhill Tunnel,/wiki/South_Eastern_Main_Line,Railway,2387.0,1868,51.1725,0.5358333333333333
Priory Tunnel,No link,Railway,142.0,1861,,
Ramsgate Harbour Tunnel,No link,Railway,1028.0,1863,,
River Medway Cable Tunnels,No link,Electricity cables,1700.0,1976,,
Saltwood Tunnel,No link,Railway,872.0,1843,,
Sandling Tunnel,No link,Railway,91.0,1843,,
Sevenoaks Tunnel,/wiki/South_Eastern_Main_Line,Railway,3156.0,1868,51.1725,0.5358333333333333
Shakespeare Tunnel,/wiki/South_Eastern_Main_Line,Railway,1260.0,1844,51.1725,0.5358333333333333
Shepherd's Well Tunnel,/wiki/Chatham_Main_Line,Railway,2138.0,Unknown,,
Somerhill Tunnel,/wiki/Hastings_Line,Railway,370.0,1845,,
Strawberry Hill Tunnel,No link,Railway,262.0,1851,,
Tyler Hill Tunnel,/wiki/Canterbury_and_Whitstable_Railway,Railway,757.0,1830,,
Week Street Tunnel,No link,Railway,90.0,1884,,
Wells Tunnel,/wiki/Hastings_Line,Railway,753.0,1846,,
Wheeler Street Tunnel,No link,Railway,327.0,1884,,
Blackburn Tunnel,No link,Railway,398.0,Unknown,,
Foulridge Tunnel,No link,Canal,1487.0,Unknown,,
Gannow Tunnel,No link,Canal,509.0,Unknown,,
Gisburn Tunnel,No link,Railway,144.0,Unknown,,
Haslingden (North Hag) Tunnel,No link,Railway,134.0,1848,,
Holme Tunnel,No link,Railway,242.0,Unknown,,
Melling Tunnel,No link,Railway,1120.0,Unknown,,
Rishton Tunnel,No link,Railway,62.0,Unknown,,
Sough Tunnel,No link,Railway,1843.0,Unknown,,
Upholland Tunnel,No link,Railway,877.0,Unknown,,
Wilpshire Tunnel,No link,Railway,297.0,Unknown,,
Thrutch Tunnel,No link,Railway,541.0,1880,,
Newchurch No.1 Tunnel,No link,Railway,148.0,1852,,
Newchurch No.2 Tunnel,No link,Railway,270.0,1852,,
Ashby de la Zouch Tunnel,No link,Railway,282.0,Unknown,,
Clawson Tunnel,No link,Railway,763.0,Unknown,,
Husbands Bosworth Tunnel,/wiki/Grand_Union_Canal,Canal,1066.0,1813,52.05083333333333,-0.7338888888888888
Saddington Tunnel,/wiki/Grand_Union_Canal,Canal,805.0,1797,52.05083333333333,-0.7338888888888888
Glenfield Tunnel,/wiki/Glenfield_Tunnel,Railway,1633.0,1832,,
Kirton-in-Lindsey,/wiki/Kirton-in-Lindsey,Railway,1200.0,Unknown,53.475833333333334,-0.5886111111111112
Stamford Tunnel,No link,Railway,312.0,Unknown,,
Stoke Tunnel,/wiki/Stoke_Tunnel_(Lincolnshire),Railway,800.0,Unknown,51.53138888888889,-0.12333333333333334
Northern line (Morden to East Finchley via Bank),/wiki/Northern_line,Railway,27800.0,1890-1939,51.650555555555556,-0.19416666666666665
Piccadilly line (Bounds Green to Barons Court),/wiki/Piccadilly_line,Railway,19610.0,1906–32,51.651666666666664,-0.14888888888888888
Piccadilly line (Hounslow Central to Heathrow Terminal 5),/wiki/Piccadilly_line,Railway,8760.0,1975-2008,51.651666666666664,-0.14888888888888888
Victoria line (Brixton to Walthamstow Central),/wiki/Victoria_line,Railway,22040.0,1968–72,51.58305555555556,-0.01972222222222222
Central line (Stratford to White City),/wiki/Central_line_(London_Underground),Railway,17390.0,1900–46,,
Northern line (Kennington to Golders Green via Charing Cross),/wiki/Northern_line,Railway,11940.0,1907–26,51.650555555555556,-0.19416666666666665
Bakerloo line (Elephant & Castle to Queen's Park),/wiki/Bakerloo_line,Railway,10900.0,1906–15,51.5925,-0.33555555555555555
Waterloo & City line (Waterloo to Bank),/wiki/Waterloo_%26_City_line,Railway,2226.0,1898,51.51305555555555,-0.08805555555555555
Barnet Tunnel,/wiki/Barnet_Tunnel,Railway,553.0,1849,51.629444444444445,-0.15833333333333333
Belsize Fast Lines Tunnel,No link,Railway,1619.0,1868[18],,
Belsize Slow Lines Tunnel,No link,Railway,1707.0,1884[18],,
Bishopsgate Tunnel,No link,Railway,573.0,Unknown,,
Blackwall Tunnel (Eastern bore),/wiki/Blackwall_Tunnel,Road,1174.0,1967,51.504444444444445,-0.0030555555555555557
Blackwall Tunnel (Western bore),/wiki/Blackwall_Tunnel,Road,1350.0,1897,51.504444444444445,-0.0030555555555555557
Camden Road Tunnels,No link,Railway,288.0,1867,,
Canal Tunnels,No link,Railway,688.0,2016,,
Canonbury Tunnel,No link,Railway,498.0,1874,,
Clapton Tunnel,No link,Railway,260.0,1872,,
Copenhagen Tunnels,No link,Railway,543.0,"1877, 1850, 1886",,
Crossrail Royal Oak to Farringdon,/wiki/Crossrail#Tunnels,Railway,6400.0,Due to open 2017,,
Crossrail Limmo Peninsula to Farringdon,/wiki/Crossrail#Tunnels,Railway,8300.0,Due to open 2017,,
Crossrail Pudding Mill Lane to Stepney Green,/wiki/Crossrail#Tunnels,Railway,2700.0,Due to open 2017,,
Crossrail Plumstead to North Woolwich (Thames tunnel section),/wiki/Crossrail#Tunnels,Railway,2600.0,Due to open 2017,,
Crossrail Limmo Peninsula (Royal Docks) to Victoria Dock portal,/wiki/Crossrail#Tunnels,Railway,900.0,Due to open 2017,,
Crouch Hill Tunnel,No link,Railway,82.0,1868[18],,
East India Dock Link,No link,Road,350.0,1993,,
Fore Street tunnel,No link,Road,,1998,,
Gas Works Tunnels,No link,Railway,483.0,"1892, 1852, 1878",,
Greenwich foot tunnel,/wiki/Greenwich_foot_tunnel,Pedestrian,371.0,1902,51.483333333333334,-0.010277777777777778
Hadley Wood North Tunnels,No link,Railway,212.0,Unknown,,
Hadley Wood South Tunnels,No link,Railway,351.0,Unknown,,
"Islington Tunnel, Regent's Canal",/wiki/Islington_Tunnel,Canal,878.0,1818,51.53411111111111,-0.10866111111111111
"Maida Hill Tunnel, Regent's Canal",/wiki/Maida_Hill_Tunnel,Canal,251.0,1816,51.52515833333333,-0.1757611111111111
"Eyre's tunnel, Regent's Canal",/wiki/Eyre%27s_tunnel,Canal,48.0,1816,51.52638888888889,-0.17166666666666666
Bankside power station cooling water discharge tunnel,/wiki/Bankside_Power_Station,River water,366.0,1952,51.5075,-0.09888888888888889
Battersea power station tunnels,/wiki/Battersea_Power_Station,"Electricity cables, steam & hot water pipes",,Unknown,51.48166666666667,-0.14472222222222222
Hackney Downs or Queen's Road Tunnel,No link,Railway,407.0,1872,,
Hampstead Heath Tunnel,No link,Railway,1066.0,1860,,
Hoe Street Tunnel,No link,Railway,65.0,1870,,
Kingsway Exchange,/wiki/Kingsway_Exchange,Telephone (disused),,1954,51.518055555555556,-0.11055555555555556
Kingsway tramway subway,/wiki/Kingsway_tramway_subway,Tramway (disused),,1906,51.51836111111111,-0.12077777777777778
Limehouse Link tunnel,/wiki/Limehouse_Link_tunnel,Road,1800.0,1993,51.51111111111111,-0.03305555555555556
London Deep Level Shelters,/wiki/London_Deep_Level_Shelters,Air Raid Shelter,370.0,1942,,
Hampstead Tunnel,No link,Railway,632.0,1899,,
Heathrow link road,/wiki/London_Heathrow_Airport,Road,,1955,51.4775,-0.4613888888888889
Heathrow ART,/wiki/Heathrow_Airside_Road_Tunnel,Road,1420.0,2005,51.468333333333334,-0.4905555555555556
Heathrow Cargo Tunnel,/wiki/Heathrow_Cargo_Tunnel,Road,885.0,1968,51.46388888888889,-0.45611111111111113
Kensal GreenTunnels,No link,Railway,293.0,1837,,
London Post Office Railway,/wiki/London_Post_Office_Railway,Railway (decommissioned),10500.0,1927,51.52388888888889,-0.1125
Primrose Hill Fast Tunnel,No link,Railway,1080.0,1879[18],,
Primrose Hill Slow Tunnel,No link,Railway,1070.0,1837[18],,
Rotherhithe Tunnel,/wiki/Rotherhithe_Tunnel,Road,1481.0,1908[42],51.506388888888885,-0.04861111111111111
Snow Hill tunnel,/wiki/Snow_Hill_Tunnel_(London),Railway,,1866,51.51777777777777,-0.10388888888888889
St John's Wood Tunnel,No link,Railway,1469.0,1899,,
South Hampstead Tunnel,No link,Railway,1328.0,1922,,
South Harrow Tunnel,No link,Railway,187.0,1905,,
Stoke Newington Tunnel,No link,Railway,55.0,1872,,
Strand Underpass,/wiki/Strand_Underpass,Road,365.0,1964,51.51658333333334,-0.11886111111111111
Sydenham Hill (also Penge),No link,Railway,1958.0,1863,,
Thames Tunnel,/wiki/Thames_Tunnel,Railway,396.0,1843,51.503055555555555,-0.051944444444444446
Tottenham North Curve Tunnel No.1,No link,Railway,146.0,1883[18],,
Tottenham North Curve Tunnel No.2,No link,Railway,64.0,1883,,
Tottenham North Curve Tunnel No.3,No link,Railway,94.0,1883,,
Tower Subway,/wiki/Tower_Subway,Pedestrian (disused),411.0,1870,51.50833333333333,-0.07888888888888888
Wood Green Tunnel,No link,Railway,645.0,1848,,
Woolwich Foot Tunnel,No link,Pedestrian,495.0,1912,,
Kingsway Tunnel,/wiki/Kingsway_Tunnel,Road,2483.0,1971,53.41305555555555,-3.01
Mersey Railway,/wiki/Mersey_Railway,Railway,3820.0,1886–1892,,
Queensway Tunnel,/wiki/Queensway_Tunnel,Road,3237.0,1934,53.40083333333333,-3.0030555555555556
Scholes Tunnel,No link,Railway,73.0,1871,,
Victoria Tunnel & Waterloo Tunnel,/wiki/Victoria_Tunnel_(Liverpool),Railway,3254.0,1849,53.401944444444446,-2.9461111111111116
Wapping Tunnel,/wiki/Wapping_Tunnel,Railway,2030.0,1829,53.39972222222222,-2.9697222222222224
Williamson Tunnels,/wiki/Williamson_Tunnels,Folly,3000.0,1800–40,53.40472222222222,-2.958888888888889
Aylsham Bypass Tunnel,/wiki/Aylsham_Bypass_Tunnel,Railway,166.0,1990,52.78972222222222,1.2619444444444445
Cromer Tunnel,/wiki/Cromer_Tunnel,Railway,56.0,1888,52.91777777777777,1.3091666666666668
Blisworth Tunnel,/wiki/Blisworth_Tunnel,Canal,2794.0,1805,52.15611111111111,-0.928611111111111
Braunston Tunnel,/wiki/Braunston_Tunnel,Canal,1887.0,1796,52.282777777777774,-1.1725
Catesby Tunnel,No link,Railway,2740.0,1899,,
Corby Tunnel,No link,Railway,1760.0,1878,,
Crick Tunnel,/wiki/Grand_Union_Canal,Canal,1397.0,1814,52.05083333333333,-0.7338888888888888
Hunsbury Hill Tunnel,/wiki/Hunsbury_Hill_Tunnel,Railway,1053.0,1881,52.22222222222222,-0.9155555555555556
Kelmarsh Tunnel,/wiki/Kelmarsh_Tunnel,Railway,294.0,1859,52.406666666666666,-0.8966666666666666
Kilsby Tunnel,/wiki/Kilsby_Tunnel,Railway,2218.0,1838,52.33111111111111,-1.1638888888888888
Oxendon Tunnel,/wiki/Oxendon_Tunnel,Railway,422.0,1859,52.44277777777778,-0.9158333333333334
Stowe Hill tunnel,/wiki/Stowe_Hill_tunnel,Railway,449.0,1838,52.22083333333334,-1.0611111111111111
Hillhead Tunnel,No link,Railway,321.0,1887,,
Annesley Tunnel,/wiki/Robin_Hood_Line,Railway,915.0,1892,,
Barnstone Tunnel,No link,Railway,90.0,1899,,
Ashwell Tunnel,/wiki/Nottingham%27s_Tunnels#Nottingham_Suburban_Railway,Railway,64.0,1889,52.958333333333336,-1.1477777777777778
Drakeholes Tunnel,/wiki/Chesterfield_Canal#Drakeholes_Tunnel,Canal,141.0,1777,53.239919444444446,-1.4210055555555556
Mapperley Tunnel,/wiki/Nottingham%27s_Tunnels#Great_Northern_Railway,Railway,1035.0,1875,52.958333333333336,-1.1477777777777778
Park Tunnel,"/wiki/Park_Tunnel,_Nottingham",Horsedrawn carriages,,Unknown,52.95444444444445,-1.1594444444444443
Redhill Tunnel,No link,Unknown,,Unknown,,
Sherwood Tunnel,/wiki/Nottingham%27s_Tunnels#Nottingham_Suburban_Railway,Railway,404.0,1889,52.958333333333336,-1.1477777777777778
Sherwood Rise Tunnel,/wiki/Nottingham%27s_Tunnels#Great_Central_Railway,Railway,605.0,1899,52.958333333333336,-1.1477777777777778
Sneinton Tunnel,/wiki/Nottingham%27s_Tunnels#Nottingham_Suburban_Railway,Railway,117.0,1889,52.958333333333336,-1.1477777777777778
"Stanton Tunnel, Railway Test Track, Stanton on the Wolds",No link,Railway,1220.0,1879,,
Thorneywood Tunnel,/wiki/Nottingham%27s_Tunnels#Nottingham_Suburban_Railway,Railway,373.0,1889,52.958333333333336,-1.1477777777777778
Victoria Street Tunnel also known as Weekday Cross Tunnel,/wiki/Nottingham%27s_Tunnels#Great_Central_Railway,Railway,266.0,1897,52.958333333333336,-1.1477777777777778
Watnall Tunnel,/wiki/Great_Northern_Railway_(Great_Britain),Railway,245.0,Unknown,,
Mansfield Road Tunnel,/wiki/Nottingham%27s_Tunnels#Great_Central_Railway,Railway,1087.0,1898 [44],52.958333333333336,-1.1477777777777778
ArdleyTunnel,No link,Railway,1056.0,1910,,
Bodleian Library Tunnel,/wiki/Bodleian_Library,Library,,Unknown,51.753972222222224,-1.2551388888888888
Horspath or Wheatley Tunnel,No link,Railway,479.0,1864,,
Wolvercot Tunnel,No link,Railway,133.0,1850,,
Glaston Tunnel,No link,Railway,1684.0,1878,,
Manton Tunnel,No link,Railway,685.0,1846,,
Seaton Tunnel,No link,Railway,188.0,1878,,
Wing Tunnel,No link,Railway,323.0,1878,,
Knowlesands Tunnel,/wiki/Knowlesands_Tunnel,Railway,40.0,1862,52.384166666666665,-2.2397222222222224
Oakengates Tunnel,/wiki/Oakengates_railway_station,Railway,430.0,1849,52.69305555555555,-2.45
Chilcompton Tunnel,No link,Railway,59.0,1874,,
Combe Down Tunnel,/wiki/Combe_Down_Tunnel,Railway,1672.0,1874,51.35611111111111,-2.341388888888889
Devonshire Tunnel,/wiki/Devonshire_Tunnel,Railway,409.0,1874,51.36944444444445,-2.365555555555556
Somerton Tunnel,/wiki/Somerton_Tunnel,Railway,963.0,1906,51.04333333333333,-2.7575
White Ball Tunnel,/wiki/White_Ball_Tunnel,Railway,990.0,1844,50.95861111111111,-3.2824999999999998
Winsor Hill Down Tunnel,No link,Railway,219.0,1874,,
Winsor Hill Up Tunnel,No link,Railway,115.0,1892,,
Birchall Tunnel,No link,Railway,63.0,1849,,
Bradnop Tunnel,No link,Railway,33.0,1905,,
Cheddleton Tunnel,No link,Railway,486.0,1849,,
Harecastle Tunnel(Brindley),/wiki/Harecastle_Tunnel#Brindley_Tunnel,Canal,2630.0,1777,53.07416666666667,-2.236388888888889
Harecastle Tunnel(Telford),/wiki/Harecastle_Tunnel#Telford_Tunnel,Canal,2676.0,1827,53.07416666666667,-2.236388888888889
Harecastle railway tunnel,/wiki/Harecastle_railway_tunnel,Railway,200.0,1965,53.069722222222225,-2.2322222222222226
Leek Tunnel,No link,Railway,432.0,1849,,
Meir Tunnel,No link,Railway,744.0,1894,,
Meir Tunnel,No link,Road,260.0,1997,,
Oakamoor Tunnel,/wiki/Oakamoor_tunnel,Railway,454.0,1849,52.9975,-1.9219444444444442
Shugborough Tunnel,No link,Railway,710.0,1847,,
Stockton Brook Tunnel,No link,Railway,66.0,1867,,
Swainsley Tunnel,No link,Road,150.0,1904,,
Stoke Tunnel,/wiki/Stoke_Tunnel_(Ipswich),Railway,330.0,1846,51.51888888888889,-0.08138888888888889
Betchworth Tunnel,/wiki/Sutton_and_Mole_Valley_Lines#Tunnels,Railway,352.0,1867,,
Bletchingley Tunnel,No link,Railway,1213.0,1842,,
Hindhead Tunnel,/wiki/Hindhead_Tunnel,Road,1830.0,2011,51.11083333333333,-0.7322222222222222
Limpsfield Tunnel,No link,Railway,504.0,1884,,
Merstham Tunnel,/wiki/Merstham_tunnels#Merstham_Tunnel,Railway,1674.0,1841,51.27388888888889,-0.15194444444444444
Mickleham Tunnel,/wiki/Sutton_and_Mole_Valley_Lines#Tunnels,Railway,479.0,1867,,
Oxted Tunnel,No link,Railway,2067.0,1884,,
Quarry Tunnel[49],/wiki/Merstham_tunnels#Quarry_Tunnel,Railway,1932.0,1899,51.27388888888889,-0.15194444444444444
Redhill Tunnel,/wiki/Redhill_tunnel_(Surrey),Railway,593.0,1899,51.23888888888889,-0.1613888888888889
Reigate Tunnel,No link,Horsedrawn carriages,91.0,1823,,
St Catherine's Tunnel,/wiki/Portsmouth_Direct_Line,Railway,121.0,1849,,
Tyne Tunnel,/wiki/Tyne_Tunnel,Road,1676.0,1967,54.98777777777778,-1.4855555555555555
Victoria Tunnel,/wiki/Victoria_Tunnel_(Newcastle),Wagonway,,1842,,
Fenny Compton Tunnel,No link,Canal,1000.0,1776,,
Harbury Tunnel,No link,Railway,64.0,Unknown,,
Shrewley Tunnel,/wiki/Shrewley_Tunnel,Canal,396.0,1799,52.302499999999995,-1.6875
Newbold Tunnel,No link,Canal,,1778,,
Anchor Exchange,/wiki/Anchor_Exchange,Telephone,,Unknown,52.48277777777778,-1.9041666666666666
Snow Hill Tunnel,/wiki/Snow_Hill_Tunnel_(Birmingham),Railway,581.0,1852,52.48305555555556,-1.8983333333333332
Black Lake Tunnel,/wiki/Black_Lake_Tunnel,Railway,377.0,?,52.53861111111111,-2.015833333333333
Dudley Tunnel,/wiki/Dudley_Tunnel,Canal,2884.0,1792,52.5175,-2.086666666666667
Dudley Railway Tunnel,/wiki/Dudley_Railway_Tunnel,Railway,867.0,1850,52.50833333333333,-2.0786111111111114
Hockley Tunnel 1,/wiki/Hockley_Tunnel,Railway,124.0,?,52.489444444444445,-1.9127777777777777
Hockley Tunnel 2,/wiki/Hockley_Tunnel,Railway,150.0,?,52.489444444444445,-1.9127777777777777
Lapal Tunnel,/wiki/Lapal_Tunnel,Canal,3470.0,1798,52.44499999999999,-2.0016666666666665
Netherton Canal Tunnel,/wiki/Netherton_Tunnel_Branch_Canal,Canal,2768.0,1858,52.504444444444445,-2.0594444444444444
Queensway (Birmingham),/wiki/Queensway_(Birmingham),Road,548.0,Unknown,52.48305555555556,-1.9024999999999999
Wast Hills Tunnel,/wiki/Wast_Hills_Tunnel,Canal,2493.0,1796,52.390277777777776,-1.94
Balcombe tunnel,/wiki/Balcombe_tunnel,Railway,1036.0,1841,51.07222222222222,-0.1525
Clayton Tunnel,/wiki/Clayton_Tunnel,Railway,2066.0,Unknown,53.77638888888889,-1.831388888888889
Haywards Heath Tunnel,/wiki/Haywards_Heath_Tunnel,Railway,228.0,Unknown,50.981944444444444,-0.09
Lywood Tunnel,No link,Railway,197.0,1883,,
Midhurst Tunnel,No link,Railway,252.0,1866,,
North Stoke Tunnel,No link,Railway,76.0,Unknown,,
Sharpthorne Tunnel,/wiki/Sharpthorne_Tunnel,Railway,668.0,1882,51.032777777777774,-0.04666666666666667
Southwick Hill Tunnel,/wiki/Southwick_Hill_Tunnel,Road,490.0,1996,50.85472222222222,-0.2386111111111111
Box Tunnel,/wiki/Box_Tunnel,Railway,2937.0,1841,51.421388888888885,-2.2261111111111114
Bruce Tunnel,/wiki/Bruce_Tunnel,Canal,459.0,1809,51.367777777777775,-1.6627777777777777
Alderton Tunnel,/wiki/Alderton_Tunnel,Railway,463.0,1903,51.541666666666664,-2.2219444444444445
Colwall Old Tunnel,/wiki/Colwall_Tunnels,Railway,1433.0,1861,52.08388888888889,-2.3505555555555557
Colwall New Tunnel,/wiki/Colwall_Tunnels,Railway,1433.0,1926,52.08388888888889,-2.3505555555555557
Ledbury Tunnel,/wiki/Ledbury_Tunnel,Railway,1205.0,1861,52.044999999999995,-2.4216666666666664
Dinmore Tunnel,/wiki/Dinmore_Tunnel,Railway,970.0,1853 Up Line and 1891 Down Line,52.15694444444444,-2.715555555555556
Redditch Tunnel,No link,Railway,300.0,1868,,
Drewton Tunnel,/wiki/Drewton_Tunnel,Railway,1933.0,1885,53.78861111111111,-0.5416666666666666
Sugar Loaf Tunnel,/wiki/Sugar_Loaf_Tunnel,Railway,121.0,1885,53.788333333333334,-0.5638888888888889
Weedley Tunnel,/wiki/Weedley_Tunnel,Railway,121.0,1885,53.78611111111111,-0.5822222222222222
Burdale Tunnel,/wiki/Burdale_Tunnel,Railway,1597.0,1853,54.06333333333333,-0.6797222222222222
Blea Moor Tunnel,/wiki/Blea_Moor_Tunnel,Railway,2404.0,1876,54.2402,-2.3583000000000003
Grosmont Horse Tunnel,/wiki/Grosmont_Tunnel,Railway,119.0,1835,54.43438888888888,-0.7248888888888889
"Prospect Tunnel, Crimple, Harrogate",No link,Railway,754.0,1848,,
Falsgrave Tunnel,No link,Railway,240.0,1885,,
Haw Bank Tunnel,/wiki/Yorkshire_Dales_Railway#History,Railway,200.0,1888,,
Kettleness Tunnel,No link,Railway,282.0,1883,,
Mossdale Head Tunnel,No link,Railway,99.0,1878,,
Ravenscar Tunnel,No link,Railway,255.0,1885,,
Sandsend Tunnel,/wiki/Sandsend_Tunnel,Railway,1511.0,1883,54.52361111111111,-0.7036111111111111
Woodsmith Mine Tunnel,/wiki/Woodsmith_Mine_Tunnel,Mineral transport,37000.0,2021,54.494166666666665,-0.9002777777777778
Bradway Tunnel,/wiki/Bradway_Tunnel,Railway,1853.0,1870,53.315555555555555,-1.4941666666666666
Cat Hill Tunnel,/wiki/Cat_Hill_Tunnel,Railway,141.0,1840,53.53333333333333,-1.363611111111111
Norwood Tunnel,/wiki/Norwood_Tunnel,Canal,2637.0,1775,53.335,-1.2697222222222222
Thurgoland Tunnel (old),/wiki/Thurgoland_Tunnel,Railway,288.0,1845,53.50083333333333,-1.573611111111111
Thurgoland Tunnel (new),/wiki/Thurgoland_Tunnel,Railway,310.0,1953,53.50083333333333,-1.573611111111111
Woodhead Tunnel 1,/wiki/Woodhead_Tunnel,Railway,4840.0,1845,53.495555555555555,-1.8297222222222222
Woodhead Tunnel 2,/wiki/Woodhead_Tunnel,Railway,4840.0,1853,53.495555555555555,-1.8297222222222222
Woodhead Tunnel 3,/wiki/Woodhead_Tunnel,Railway,4871.0,1953,53.495555555555555,-1.8297222222222222
Bingley Tunnel,No link,Railway,138.0,1847,,
Bramhope Tunnel,/wiki/Bramhope_Tunnel,Railway,3439.0,1849,53.88972222222222,-1.6125
Gildersome Tunnel,No link,Railway,2131.0,1900,,
Greenside Tunnel,/wiki/Greenside_Tunnel,Railway,563.0,1893,53.78972222222222,-1.67
Lees Moor Tunnel,/wiki/Lees_Moor_Tunnel,Railway,1402.0,1884,53.840805555555555,-1.9269444444444443
Morley Tunnel,/wiki/Morley_Tunnel,Railway,3081.0,1848,53.74888888888889,-1.5927777777777778
Queensbury Tunnel,/wiki/Queensbury_Tunnel,Railway,2501.0,1879,53.77388888888889,-1.8436111111111113
Standedge Tunnels,/wiki/Standedge_Tunnels,Canal,5029.0,1811,53.59111111111111,-1.962222222222222
Standedge Tunnels – Central tunnel,/wiki/Standedge_Tunnels,Railway,4880.0,1848,53.59111111111111,-1.962222222222222
Standedge Tunnels – Central tunnel,No link,Railway,4803.0,1848,,
Standedge Tunnels – South tunnel,/wiki/Standedge_Tunnels,Railway,4880.0,1871,53.59111111111111,-1.962222222222222
Standedge Tunnels – live tunnel,/wiki/Standedge_Tunnels,Railway,4883.0,1894,53.59111111111111,-1.962222222222222
Summit Tunnel,/wiki/Summit_Tunnel,Railway,2638.0,1841,53.68388888888889,-2.0919444444444446
Thackley Tunnel,/wiki/Thackley_Tunnel,Railway,1200.0,1845,53.845555555555556,-1.7286111111111113
Victoria Avenue Tunnel,No link,Road (A658),237.0,1982/3 [1],,
Well Heads Tunnel,No link,Railway,605.0,1882,,
Bodorgan Tunnel,No link,Railway,530.0,1849,,
"Nottage, Porthcawl",/wiki/Llynvi_and_Ogmore_Railway,Railway,58.0,1829?,,
Penar Tunnel,No link,Railway,219.0,Unknown,,
"Glyn Tunnel, Hafodyrynys",/wiki/Hafodyrynys,Railway,260.0,1857,51.68388888888889,-3.118611111111111
Caerphilly Tunnel,No link,Railway,1768.0,1871,,
Queensgate Tunnel,/wiki/A4232#Link_roads#Butetown_Link_Road#Queen's_Gate_Tunnel,Road,715.0,1995,51.506388888888885,-3.3105555555555553
Bryn Teify Tunnel,No link,Railway,92.0,?,,
Pencader Tunnel,/wiki/Pencader_Tunnel,Railway,901.0,1861,51.981944444444444,-4.299444444444444
Conwy Road Tunnel[56],/wiki/A55_road#The_Conwy_Bypass,Road,1080.0,1991,53.2875,-3.8238888888888884
Penmaenbach Westbound Tunnel[56],No link,Road,658.0,1989,,
Penmaenbach Eastbound Headland Tunnel[56],No link,Road,172.0,1932,,
Pen-y-Clip Westbound Tunnel[56],No link,Road,930.0,1994,,
"Penhelig Tunnels (Aberdovey No. 1, Fron-gôch)",No link,Railway,180.0,1867,,
"Penhelig Tunnels (Aberdovey No. 2, Morfa Bach)",No link,Railway,200.0,1867,,
Penhelig Tunnels (Aberdovey No. 3),/wiki/Penhelig_railway_station,Railway,175.0,1867,52.54611111111111,-4.035
"Penhelig Tunnels (Aberdovey No. 4, Craig-y-Don)",/wiki/Penhelig_railway_station,Railway,487.0,1867,52.54611111111111,-4.035
Ffestiniog Tunnel,No link,Railway,3407.0,Unknown,,
Severn Tunnel,/wiki/Severn_Tunnel,Railway,7012.0,1886,51.575,-2.688888888888889
Gibraltar Tunnel,No link,Road,185.0,1968,,
"Bryn Tunnel, Hengoed",No link,Railway,364.0,Unknown,,
Clydach Tunnels,No link,Railway,250.0,"1862, doubled 1877",,
Gelli-felen Tunnels,No link,Railway,230.0,1862,,
Monmouth Troy,/wiki/Monmouth_Troy_railway_station#Tunnel,Railway,130.0,1857,51.80277777777778,-2.713611111111111
Usk,/wiki/Usk_(GWR)_railway_station#Usk_tunnel,Railway,234.0,1857,51.70638888888889,-2.9055555555555554
"Cymmer, Afan Valley",No link,Railway,1458.0,Unknown,,
"Gelli, Afan Valley",No link,Railway,153.0,1882,,
"Gyfylchi Tunnel, Tonmawr / Afan Valley",No link,Railway (disused),932.0,1863,,
"Cwmcerwyn, Maesteg",/wiki/Port_Talbot_Railway_and_Docks_Company,Railway,920.0,1964,,
"Hillfield Tunnels, Newport",/wiki/Newport_railway_station,Railway,700.0,Unknown,51.58888888888889,-3.000277777777778
"Gaer Tunnel, Newport",/wiki/Newport_railway_station,Railway,369.0,Unknown,51.58888888888889,-3.000277777777778
Brynglas Tunnels,/wiki/Brynglas_Tunnels,Road,370.0,1967,51.60333333333333,-2.9975
"Castle Tunnel, Maenclochog",No link,Railway,91.0,1867,,
Saundersfoot Railway,/wiki/Saundersfoot_Railway,Railway,450.0,Unknown,,
Torpantau Tunnel,/wiki/Torpantau_railway_station#Torpantau_Tunnel,Railway,610.0,1863,51.84055555555556,-3.3808333333333334
Tal-y-llyn Tunnel,No link,Railway,616.0,1864,,
Ashford Tunnel,No link,Canal,343.0,1800,,
Rhayader Tunnel,No link,Railway,270.0,1864,,
Marteg Tunnel,No link,Railway,340.0,1864,,
Abernant / Merthyr,No link,Railway,2283.0,1853,,
Garth or Walnut Tree Tunnel,No link,Railway,410.0,1905,,
"Morlais Tunnel, Merthyr Tydfil",No link,Railway,948.0,1 June 1879,,
"Quaker's Yard or Cefn-Glas Tunnel, Abercynon",No link,Railway,643.0,1851,,
Rhondda Tunnel,/wiki/Rhondda_Tunnel,Railway,3148.0,1890,,
"Tinworks, Treforest",No link,Water,140.0,1907,,
Pontypridd,No link,Railway,1210.0,1889,,
Tongwynlais,No link,Railway,160.0,1907,,
Penllergaer Tunnel,No link,Railway,267.0,1912,,
Llangyfelach Tunnel,No link,Railway,1785.0,1912,,
Peniel Green Tunnel (Lônlas),No link,Railway,845.0,1912,,
Cockett Tunnel,/wiki/Cockett_Tunnel,Railway,721.0,Unknown,51.63361111111111,-3.9672222222222224
Pwll Du Tunnel,/wiki/Pwll_Du_Tunnel,Tramroad,1875.0,1926,51.79861111111111,-3.0958333333333337
Wenvoe Tunnel,/wiki/Wenvoe_Tunnel,Railway,1707.0,1898,51.45777777777778,-3.2608333333333333
Cogan Tunnel,/wiki/Barry_Railway_Company,Railway,203.0,1886,,
"Barry Island Tunnel. Also called ""Pier Tunnel""",/wiki/Barry_Railway_Company,Railway,260.0,1897,,
Porthkerry No.1 Tunnel,No link,Railway,498.0,1898,,
Porthkerry No.2 Tunnel,No link,Railway,65.0,1898,,
Chirk Tunnel,/wiki/Chirk_Tunnel,Canal,420.0,1802,52.931425,-3.064972222222222
Castlerock,No link,Rail,611.0,1845–1853[58],,
Downhill,No link,Rail,281.0,1845–1846[59],,
Lissummon,No link,Rail,1608.0,early 1860s[60],,
Binnian Tunnel,/wiki/Binnian_Tunnel,Aqueduct,4000.0,1948–1952,54.136944444444445,-5.996111111111111
Whitehead,No link,Rail,159.0,1862–1994[61],,
Dungannon,No link,Rail,870.0,1862 [62],,
Marketgait Tunnel,/wiki/A991_road_(Great_Britain),Road,230.0,Unknown,56.4775,-2.935277777777778
Broomieknowe Tunnel,No link,Railway,393.0,1877,,
Clyde Tunnel,/wiki/Clyde_Tunnel,Road,762.0,1964,55.868611111111115,-4.3311111111111105
Drumlanrig Tunnel,No link,Railway,1270.0,Unknown,,
"M8 Motorway, Charing Cross.",No link,Road,,Unknown,,
Glasgow Subway,/wiki/Glasgow_Subway,Railway,10500.0,Unknown,,
Whitrope Tunnel,/wiki/Whitrope_Tunnel,Railway,1105.0,1862,55.30277777777778,-2.7508333333333335
Penmanshiel Tunnel,/wiki/Penmanshiel_Tunnel,Railway,244.0,1979,55.896388888888886,-2.3274999999999997
Nevis Tunnel,/wiki/Lochaber_hydroelectric_scheme,Water,24000.0,Unknown,56.82888888888889,-5.073055555555555
"A9, City Centre Tunnel",No link,Road,,Unknown,,
Scotland Street Tunnel,No link,Railway,910.0,1847,,
Bowshank Tunnel,No link,Railway,226.0,Unknown,,
"Innocent Tunnel, also St Leonard's Tunnel",No link,Railway,518.0,1831,,
Kelvingrove Tunnel,No link,Railway,870.0,1896,,
Cowlairs Tunnel,No link,Railway,914.0,1842,,
Glasgow Harbour Tunnel,No link,Vehicle and pedestrian,213.0,1895,,
Newton Street Tunnel,No link,Railway,1930.0,1889,,
